employee_id,full_name,email,department,employment_type,hire_date,termination_date,contract_end_date,manager,status,notes
EMP-1001,Rebecca Thornton,r.thornton@cascade.io,Security,Full-Time,2022-01-15,,,Board of Directors,Active,CISO
EMP-1002,Nathan Cole,n.cole@cascade.io,IT Infrastructure,Full-Time,2022-03-10,,,Rebecca Thornton,Active,Cloud Infrastructure Manager
EMP-1003,Victor Reeves,v.reeves@cascade.io,IT Operations,Full-Time,2022-06-20,,,Nathan Cole,Active,IT Operations Manager
EMP-1004,Priya Desai,p.desai@cascade.io,Database Administration,Full-Time,2022-09-01,,,Nathan Cole,Active,Senior DBA
EMP-1005,Elena Vasquez,e.vasquez@cascade.io,Engineering,Full-Time,2023-01-10,,,CTO,Active,Engineering Manager
EMP-1010,Laura Kim,l.kim@cascade.io,Revenue Operations,Full-Time,2023-04-15,,,VP Sales,Active,Revenue Operations Lead
EMP-1015,James Morrison,j.morrison@cascade.io,Engineering,Full-Time,2023-07-01,,,Elena Vasquez,Active,Senior Engineer
EMP-1020,Sofia Nakamura,s.nakamura@cascade.io,Data Science,Full-Time,2023-09-15,,,VP Data Science,Active,Lead Data Scientist
EMP-1025,Mohammed Ibrahim,m.ibrahim@cascade.io,Engineering,Full-Time,2023-11-01,,,Elena Vasquez,Active,Platform Engineer
EMP-1030,Carmen Rodriguez,c.rodriguez@cascade.io,Product,Full-Time,2024-01-15,,,VP Product,Active,Product Manager
EMP-1035,Daniel Okafor,d.okafor@cascade.io,Engineering,Full-Time,2024-02-01,,,Elena Vasquez,Active,Backend Engineer
EMP-1040,Alice Chen,a.chen@cascade.io,Marketing,Full-Time,2024-03-10,,,VP Marketing,Active,Marketing Manager
EMP-1045,Rohan Patel,r.patel@cascade.io,Engineering,Full-Time,2024-04-01,,,Elena Vasquez,Active,Senior Engineer
EMP-1050,Tanya Williams,t.williams@cascade.io,Customer Success,Full-Time,2024-05-15,,,VP Customer Success,Active,CSM
EMP-1055,Karl Berg,k.berg@cascade.io,Finance,Full-Time,2024-06-01,,,CFO,Active,Financial Analyst
EMP-1060,Lisa Tanaka,l.tanaka@cascade.io,HR,Full-Time,2024-07-01,,,VP People,Active,HR Manager
EMP-1065,Brian Murphy,b.murphy@cascade.io,Engineering,Full-Time,2024-08-01,,,Elena Vasquez,Active,DevOps Engineer
EMP-1070,Helena Santos,h.santos@cascade.io,Data Science,Full-Time,2024-08-15,,,Sofia Nakamura,Active,Data Analyst
EMP-1075,Jeffrey Wu,j.wu@cascade.io,Engineering,Full-Time,2024-09-01,,,Elena Vasquez,Active,Frontend Engineer
EMP-1080,Maria Kowalski,m.kowalski@cascade.io,Sales,Full-Time,2024-09-15,,,VP Sales,Active,Account Executive
EMP-1085,Andrew Jones,a.jones@cascade.io,Engineering,Full-Time,2024-10-01,,,Elena Vasquez,Active,Backend Engineer
EMP-1090,Sarah Lee,s.lee@cascade.io,Product,Full-Time,2024-10-15,,,VP Product,Active,Product Designer
EMP-1095,David Nguyen,d.nguyen@cascade.io,Engineering,Full-Time,2024-11-01,,,Elena Vasquez,Active,Senior Engineer
EMP-1100,Fatima Hassan,f.hassan@cascade.io,Marketing,Full-Time,2024-11-15,,,Alice Chen,Active,Content Manager
EMP-1105,Gabriel Torres,g.torres@cascade.io,Customer Success,Full-Time,2024-12-01,,,VP Customer Success,Active,Support Engineer
EMP-1110,Ivan Petrov,i.petrov@cascade.io,Engineering,Full-Time,2025-01-10,,,Elena Vasquez,Active,Platform Engineer
EMP-1115,Jessica Smith,j.smith@cascade.io,Sales,Full-Time,2025-01-15,,,VP Sales,Active,Sales Dev Rep
EMP-1120,Kyle Johnson,k.johnson@cascade.io,Engineering,Full-Time,2025-02-01,,,Elena Vasquez,Active,QA Engineer
EMP-1125,Lauren Brown,l.brown@cascade.io,Finance,Full-Time,2025-02-15,,,CFO,Active,Accounting Manager
EMP-1130,Michael Davis,m.davis@cascade.io,Engineering,Full-Time,2025-03-01,,,Elena Vasquez,Active,Backend Engineer
EMP-1135,Nicole Garcia,n.garcia@cascade.io,Product,Full-Time,2025-03-15,,,VP Product,Active,Product Analyst
EMP-1140,Oliver Taylor,o.taylor@cascade.io,Engineering,Full-Time,2025-04-01,,,Elena Vasquez,Active,Frontend Engineer
EMP-1142,Patricia Anderson,p.anderson@cascade.io,Marketing,Full-Time,2025-04-10,,,Alice Chen,Active,Marketing Coordinator — parental leave since Sep 2025
EMP-1145,Quinn Martinez,q.martinez@cascade.io,Data Science,Full-Time,2025-04-15,,,Sofia Nakamura,Active,Data Scientist
EMP-1150,Rachel Wilson,r.wilson@cascade.io,HR,Full-Time,2025-05-01,,,Lisa Tanaka,Active,HR Generalist
EMP-1155,Steven Clark,s.clark@cascade.io,Engineering,Full-Time,2025-05-15,,,Elena Vasquez,Active,Senior Engineer
EMP-1156,Timothy Hall,t.hall@cascade.io,Customer Success,Full-Time,2025-06-01,,,VP Customer Success,Active,Transferred to EMEA office Sep 2025
EMP-1160,Uma Adams,u.adams@cascade.io,Engineering,Full-Time,2025-06-15,,,Elena Vasquez,Active,DevOps Engineer
EMP-1165,Victoria Thomas,v.thomas@cascade.io,Sales,Full-Time,2025-07-01,,,VP Sales,Active,Enterprise Account Exec
EMP-1170,William Jackson,w.jackson@cascade.io,Engineering,Full-Time,2025-07-15,,,Elena Vasquez,Active,Platform Engineer
EMP-1180,Zoe Martin,z.martin@cascade.io,Engineering,Full-Time,2025-09-01,,,Elena Vasquez,Active,Junior Engineer
EMP-1184,Brianna Lewis,b.lewis@cascade.io,Marketing,Full-Time,2025-09-15,,,Alice Chen,Active,Marketing Specialist
EMP-1186,Carlos Walker,c.walker@cascade.io,Engineering,Full-Time,2025-10-01,,,Elena Vasquez,Active,Backend Engineer
EMP-1188,Diana Young,d.young@cascade.io,Customer Success,Full-Time,2025-10-01,,,VP Customer Success,Active,Implementation Specialist
EMP-1192,Fiona Scott,f.scott@cascade.io,Data Science,Full-Time,2025-10-15,,,Sofia Nakamura,Active,Junior Data Scientist
EMP-1194,George Campbell,g.campbell@cascade.io,Sales,Full-Time,2025-11-01,,,VP Sales,Active,Sales Dev Rep
EMP-1196,Hannah Mitchell,h.mitchell@cascade.io,Engineering,Full-Time,2025-11-01,,,Elena Vasquez,Active,QA Engineer
EMP-1202,Julia Turner,j.turner@cascade.io,Product,Full-Time,2025-11-15,,,VP Product,Active,Product Manager
EMP-1207,Leah Phillips,l.phillips@cascade.io,HR,Full-Time,2025-12-01,,,Lisa Tanaka,Active,HR Coordinator
CON-2001,Xavier White,x.white@cascade.io,Engineering,Contractor,2025-08-01,,2026-01-31,Elena Vasquez,Active,DevBridge Solutions — SOW CB-2025-044
CON-2002,Yuki Harris,y.harris@cascade.io,Data Science,Contractor,2025-08-15,,2026-02-28,Sofia Nakamura,Active,Quantix Analytics — SOW CB-2025-051
CON-2003,Kenji Matsuda,k.matsuda@cascade.io,Engineering,Contractor,2025-05-01,,2025-11-30,Elena Vasquez,Inactive,DevBridge Solutions — SOW CB-2025-032. Contract ended Nov 30 2025.
CON-2004,Alex Robinson,a.robinson@cascade.io,Engineering,Contractor,2025-09-15,,2026-03-15,Elena Vasquez,Active,CloudNine Consulting — SOW CB-2025-058
CON-2005,Edward King,e.king@cascade.io,Engineering,Contractor,2025-10-15,,2026-04-15,Elena Vasquez,Active,AppDev Partners — SOW CB-2025-062
CON-2006,Ian Roberts,i.roberts@cascade.io,Engineering,Contractor,2025-11-15,,2026-05-15,Elena Vasquez,Active,CloudNine Consulting — SOW CB-2025-067
CON-2007,Kevin Edwards,k.edwards@cascade.io,Engineering,Contractor,2025-12-01,,2026-05-31,Elena Vasquez,Active,DevBridge Solutions — SOW CB-2025-071
CON-2008,Maya Cooper,m.cooper@cascade.io,Engineering,Contractor,2025-12-15,,2026-06-15,Elena Vasquez,Active,AppDev Partners — SOW CB-2025-075
